{"cameraMode":{"drawMode":0,"name":"Shaded","section":"Shading Mode"},"sceneLighting":true,"audioPlay":false,"sceneViewState":{"m_AlwaysRefresh":false,"showFog":true,"showSkybox":true,"showFlares":true,"showImageEffects":true,"showParticleSystems":true,"showVisualEffectGraphs":true,"m_FxEnabled":true},"in2DMode":false,"pivot":{"x":1.563408374786377,"y":1.780491590499878,"z":0.14987172186374665},"rotation":{"x":-0.09414685517549515,"y":0.6943698525428772,"z":-0.09241139888763428,"w":-0.7074094414710999},"size":1.2026939392089844,"orthographic":false}